<?xml version="1.0" encoding="UTF-8"?><ValueSet xmlns="http://hl7.org/fhir"><id value="pulse-rate"/><text><status value="generated"/><div xmlns="http://www.w3.org/1999/xhtml"><ul><li>Include codes from <a href="http://www.snomed.org/"><code>http://snomed.info/sct</code></a> where concept  is-a  78564009 (Pulse rate)</li></ul></div></text><url value="http://example.org/ValueSet/pulse-rate"/><version value="0.1.0"/><name value="SCTprecoordinatedVS"/><title value="Precoordinated"/><status value="active"/><date value="2022-12-01T10:36:50+01:00"/><publisher value="ehelse"/><contact><name value="ehelse"/><telecom><system value="url"/><value value="ehelse.no"/></telecom></contact><description value="Value sets with precoordinated expressions from SNOMED CT representing different types of pulse rate measurements."/><copyright value="This value set includes content from SNOMED CT, which is copyright © 2002+ International Health Terminology Standards Development Organisation (IHTSDO), and distributed by agreement between IHTSDO and HL7. Implementer use of SNOMED CT is not covered by this agreement"/><compose><include><system value="http://snomed.info/sct"/><filter><property value="concept"/><op value="is-a"/><value value="78564009"/></filter></include></compose></ValueSet>