<?xml version="1.0" encoding="UTF-8"?><ValueSet xmlns="http://hl7.org/fhir"><id value="heartRateMeasBodyLocationPrecoordVS"/><text><status value="generated"/><div xmlns="http://www.w3.org/1999/xhtml"><ul><li>Include these codes as defined in <a href="http://www.snomed.org/"><code>http://snomed.info/sct</code></a><table class="none"><tr><td style="white-space:nowrap"><b>Code</b></td><td><b>Display</b></td></tr><tr><td><a href="http://snomed.info/id/32062004">32062004</a></td><td>Common carotid artery structure (body structure)</td></tr><tr><td><a href="http://snomed.info/id/113263003">113263003</a></td><td>Left common carotid artery structure (body structure)</td></tr><tr><td><a href="http://snomed.info/id/65355003">65355003</a></td><td>Right common carotid artery structure (body structure)</td></tr><tr><td><a href="http://snomed.info/id/13383001">13383001</a></td><td>Structure of apex of heart (body structure)</td></tr><tr><td><a href="http://snomed.info/id/17137000">17137000</a></td><td>Structure of brachial artery (body structure)</td></tr><tr><td><a href="http://snomed.info/id/86547008">86547008</a></td><td>Structure of dorsalis pedis artery (body structure)</td></tr><tr><td><a href="http://snomed.info/id/7657000">7657000</a></td><td>Structure of femoral artery (body structure)</td></tr><tr><td><a href="http://snomed.info/id/723961002">723961002</a></td><td>Structure of left brachial artery (body structure)</td></tr><tr><td><a href="http://snomed.info/id/792817008">792817008</a></td><td>Structure of left dorsalis pedis artery (body structure)</td></tr><tr><td><a href="http://snomed.info/id/113270003">113270003</a></td><td>Structure of left femoral artery (body structure)</td></tr><tr><td><a href="http://snomed.info/id/25885001">25885001</a></td><td>Structure of left popliteal artery (body structure)</td></tr><tr><td><a href="http://snomed.info/id/214912001">214912001</a></td><td>Structure of left posterior tibial artery (body structure)</td></tr><tr><td><a href="http://snomed.info/id/50408007">50408007</a></td><td>Structure of left pulmonary artery</td></tr><tr><td><a href="http://snomed.info/id/368504007">368504007</a></td><td>Structure of left radial artery (body structure)</td></tr><tr><td><a href="http://snomed.info/id/24781000205105">24781000205105</a></td><td>Structure of left superficial temporal artery (body structure)</td></tr><tr><td><a href="http://snomed.info/id/368506009">368506009</a></td><td>Structure of left ulnar artery (body structure)</td></tr><tr><td><a href="http://snomed.info/id/43899006">43899006</a></td><td>Structure of popliteal artery (body structure)</td></tr><tr><td><a href="http://snomed.info/id/13363002">13363002</a></td><td>Structure of posterior tibial artery (body structure)</td></tr><tr><td><a href="http://snomed.info/id/45631007">45631007</a></td><td>Structure of radial artery (body structure)</td></tr><tr><td><a href="http://snomed.info/id/723962009">723962009</a></td><td>Structure of right brachial artery (body structure)</td></tr><tr><td><a href="http://snomed.info/id/792816004">792816004</a></td><td>Structure of right dorsalis pedis artery (body structure)</td></tr><tr><td><a href="http://snomed.info/id/69833005">69833005</a></td><td>Structure of right femoral artery (body structure)</td></tr><tr><td><a href="http://snomed.info/id/57832007">57832007</a></td><td>Structure of right popliteal artery (body structure)</td></tr><tr><td><a href="http://snomed.info/id/368503001">368503001</a></td><td>Structure of right radial artery (body structure)</td></tr><tr><td><a href="http://snomed.info/id/214811007">214811007</a></td><td>Structure of right posterior tibial artery (body structure)</td></tr><tr><td><a href="http://snomed.info/id/78480002">78480002</a></td><td>Structure of right pulmonary artery (body structure)</td></tr><tr><td><a href="http://snomed.info/id/24791000205107">24791000205107</a></td><td>Structure of right superficial temporal artery (body structure)</td></tr><tr><td><a href="http://snomed.info/id/368505008">368505008</a></td><td>Structure of right ulnar artery (body structure)</td></tr><tr><td><a href="http://snomed.info/id/15672000">15672000</a></td><td>Structure of superficial temporal artery (body structure)</td></tr><tr><td><a href="http://snomed.info/id/44984001">44984001</a></td><td>Structure of ulnar artery (body structure)</td></tr></table></li></ul></div></text><url value="http://example.org/ValueSet/heartRateMeasBodyLocationPrecoordVS"/><version value="0.1.0"/><name value="BodySiteVS"/><title value="Body Location"/><status value="active"/><date value="2022-12-01T10:36:50+01:00"/><publisher value="ehelse"/><contact><name value="ehelse"/><telecom><system value="url"/><value value="ehelse.no"/></telecom></contact><description value="SELECT SNOMED CT code system values that describe where on the body the heart rate was measured."/><copyright value="This value set includes content from SNOMED CT, which is copyright © 2002+ International Health Terminology Standards Development Organisation (IHTSDO), and distributed by agreement between IHTSDO and HL7. Implementer use of SNOMED CT is not covered by this agreement"/><compose><include><system value="http://snomed.info/sct"/><concept><code value="32062004"/><display value="Common carotid artery structure (body structure)"/></concept><concept><code value="113263003"/><display value="Left common carotid artery structure (body structure)"/></concept><concept><code value="65355003"/><display value="Right common carotid artery structure (body structure)"/></concept><concept><code value="13383001"/><display value="Structure of apex of heart (body structure)"/></concept><concept><code value="17137000"/><display value="Structure of brachial artery (body structure)"/></concept><concept><code value="86547008"/><display value="Structure of dorsalis pedis artery (body structure)"/></concept><concept><code value="7657000"/><display value="Structure of femoral artery (body structure)"/></concept><concept><code value="723961002"/><display value="Structure of left brachial artery (body structure)"/></concept><concept><code value="792817008"/><display value="Structure of left dorsalis pedis artery (body structure)"/></concept><concept><code value="113270003"/><display value="Structure of left femoral artery (body structure)"/></concept><concept><code value="25885001"/><display value="Structure of left popliteal artery (body structure)"/></concept><concept><code value="214912001"/><display value="Structure of left posterior tibial artery (body structure)"/></concept><concept><code value="50408007"/><display value="Structure of left pulmonary artery"/></concept><concept><code value="368504007"/><display value="Structure of left radial artery (body structure)"/></concept><concept><code value="24781000205105"/><display value="Structure of left superficial temporal artery (body structure)"/></concept><concept><code value="368506009"/><display value="Structure of left ulnar artery (body structure)"/></concept><concept><code value="43899006"/><display value="Structure of popliteal artery (body structure)"/></concept><concept><code value="13363002"/><display value="Structure of posterior tibial artery (body structure)"/></concept><concept><code value="45631007"/><display value="Structure of radial artery (body structure)"/></concept><concept><code value="723962009"/><display value="Structure of right brachial artery (body structure)"/></concept><concept><code value="792816004"/><display value="Structure of right dorsalis pedis artery (body structure)"/></concept><concept><code value="69833005"/><display value="Structure of right femoral artery (body structure)"/></concept><concept><code value="57832007"/><display value="Structure of right popliteal artery (body structure)"/></concept><concept><code value="368503001"/><display value="Structure of right radial artery (body structure)"/></concept><concept><code value="214811007"/><display value="Structure of right posterior tibial artery (body structure)"/></concept><concept><code value="78480002"/><display value="Structure of right pulmonary artery (body structure)"/></concept><concept><code value="24791000205107"/><display value="Structure of right superficial temporal artery (body structure)"/></concept><concept><code value="368505008"/><display value="Structure of right ulnar artery (body structure)"/></concept><concept><code value="15672000"/><display value="Structure of superficial temporal artery (body structure)"/></concept><concept><code value="44984001"/><display value="Structure of ulnar artery (body structure)"/></concept></include></compose></ValueSet>