<?xml version="1.0" encoding="UTF-8"?><ValueSet xmlns="http://hl7.org/fhir"><id value="PerformerVS"/><text><status value="generated"/><div xmlns="http://www.w3.org/1999/xhtml"><ul><li>Include codes from <a href="http://www.snomed.org/"><code>http://snomed.info/sct</code></a> where concept  is-a  223366009 (Healthcare professional)</li></ul></div></text><url value="http://example.org/ValueSet/PerformerVS"/><version value="0.1.0"/><name value="PerformerVS"/><title value="Performer value set"/><status value="active"/><date value="2022-12-01T10:36:50+01:00"/><publisher value="ehelse"/><contact><name value="ehelse"/><telecom><system value="url"/><value value="ehelse.no"/></telecom></contact><description value="SELECT SNOMED CT code system values that contains terms that represent the role of the performer who was responsible for asserting the observed value as true."/><copyright value="This value set includes content from SNOMED CT, which is copyright © 2002+ International Health Terminology Standards Development Organisation (IHTSDO), and distributed by agreement between IHTSDO and HL7. Implementer use of SNOMED CT is not covered by this agreement"/><compose><include><system value="http://snomed.info/sct"/><filter><property value="concept"/><op value="is-a"/><value value="223366009"/></filter></include></compose></ValueSet>