<?xml version="1.0" encoding="UTF-8"?>

<ValueSet xmlns="http://hl7.org/fhir">
  <id value="MeasSettingVS"/>
  <text>
    <status value="generated"/><div xmlns="http://www.w3.org/1999/xhtml"><ul><li>Include these codes as defined in <a href="http://www.snomed.org/"><code>http://snomed.info/sct</code></a><table class="none"><tr><td style="white-space:nowrap"><b>Code</b></td><td><b>Display</b></td></tr><tr><td><a href="http://snomed.info/id/285201006">285201006</a></td><td>Hospital environment (environment)</td></tr><tr><td><a href="http://snomed.info/id/264362003">264362003</a></td><td>Home (environment)</td></tr><tr><td><a href="http://snomed.info/id/257585005">257585005</a></td><td>Clinic (environment)</td></tr></table></li></ul></div>
  </text>
  <url value="http://example.org/ValueSet/MeasSettingVS"/>
  <version value="0.1.0"/>
  <name value="SettingVS"/>
  <title value="Measurement Setting value set"/>
  <status value="active"/>
  <date value="2022-12-01T10:36:50+01:00"/>
  <publisher value="ehelse"/>
  <contact>
    <name value="ehelse"/>
    <telecom>
      <system value="url"/>
      <value value="ehelse.no"/>
    </telecom>
  </contact>
  <description value="SELECT SNOMED CT code system values that contains terms that indicate the surroundings the individual was in during the measurement (i.e. home, clinic, hospital, etc.)."/>
  <copyright value="This value set includes content from SNOMED CT, which is copyright © 2002+ International Health Terminology Standards Development Organisation (IHTSDO), and distributed by agreement between IHTSDO and HL7. Implementer use of SNOMED CT is not covered by this agreement"/>
  <compose>
    <include>
      <system value="http://snomed.info/sct"/>
      <concept>
        <code value="285201006"/>
        <display value="Hospital environment (environment)"/>
      </concept>
      <concept>
        <code value="264362003"/>
        <display value="Home (environment)"/>
      </concept>
      <concept>
        <code value="257585005"/>
        <display value="Clinic (environment)"/>
      </concept>
    </include>
  </compose>
</ValueSet>