<?xml version="1.0" encoding="UTF-8"?>

<Observation xmlns="http://hl7.org/fhir">
  <id value="Pulse4Example"/>
  <meta>
    <profile value="http://example.org/StructureDefinition/Pulse-Rate"/>
  </meta>
  <text>
    <status value="extensions"/><div xmlns="http://www.w3.org/1999/xhtml"><p><b>Generated Narrative: Observation</b><a name="Pulse4Example"> </a></p><div style="display: inline-block; background-color: #d9e0e7; padding: 6px; margin: 4px; border: 1px solid #8da1b4; border-radius: 5px; line-height: 60%"><p style="margin-bottom: 0px">Resource Observation &quot;Pulse4Example&quot; </p><p style="margin-bottom: 0px">Profile: <a href="StructureDefinition-Pulse-Rate.html">Observation Pulse Rate</a></p></div><p><b>Performer</b>: Hospital specialist (occupation) <span style="background: LightGoldenRodYellow; margin: 4px; border: 1px solid khaki"> (<a href="https://browser.ihtsdotools.org/">SNOMED CT</a>#309395003)</span></p><p><b>status</b>: final</p><p><b>category</b>: Vital Signs <span style="background: LightGoldenRodYellow; margin: 4px; border: 1px solid khaki"> (<a href="http://terminology.hl7.org/4.0.0/CodeSystem-observation-category.html">Observation Category Codes</a>#vital-signs)</span></p><p><b>code</b>: Heart rate <span style="background: LightGoldenRodYellow; margin: 4px; border: 1px solid khaki"> (<a href="https://loinc.org/">LOINC</a>#8867-4; <a href="https://browser.ihtsdotools.org/">SNOMED CT</a>#78564009 &quot;Heart rate measured at systemic artery (observable entity)&quot;)</span></p><p><b>subject</b>: <a href="Patient-PatientExample.html">Patient/PatientExample</a> &quot; NORMANN&quot;</p><p><b>effective</b>: 2022-10-16 12:12:29-0900</p><p><b>hasMember</b>: </p><ul><li><a href="Observation-Pulse1Example.html">Observation/Pulse1Example</a></li><li><a href="Observation-Pulse2Example.html">Observation/Pulse2Example</a></li><li><a href="Observation-Pulse3Example.html">Observation/Pulse3Example</a></li></ul></div>
  </text>
  <extension url="http://example.org/StructureDefinition/ExtPerformer">
    <valueCodeableConcept>
      <coding>
        <system value="http://snomed.info/sct"/>
        <code value="309395003"/>
        <display value="Hospital specialist (occupation)"/>
      </coding>
    </valueCodeableConcept>
  </extension>
  <status value="final"/>
  <category>
    <coding>
      <system value="http://terminology.hl7.org/CodeSystem/observation-category"/>
      <code value="vital-signs"/>
      <display value="Vital Signs"/>
    </coding>
  </category>
  <code>
    <coding>
      <system value="http://loinc.org"/>
      <code value="8867-4"/>
      <display value="Heart rate"/>
    </coding>
    <coding>
      <system value="http://snomed.info/sct"/>
      <code value="78564009"/>
      <display value="Heart rate measured at systemic artery (observable entity)"/>
    </coding>
  </code>
  <subject>
    <reference value="Patient/PatientExample"/>
  </subject>
  <effectiveDateTime value="2022-10-16T12:12:29-09:00"/>
  <hasMember>
    <reference value="Observation/Pulse1Example"/>
  </hasMember>
  <hasMember>
    <reference value="Observation/Pulse2Example"/>
  </hasMember>
  <hasMember>
    <reference value="Observation/Pulse3Example"/>
  </hasMember>
</Observation>