{
  "resourceType": "Observation",
  "id": "Pulse2Example",
  "meta": {
    "profile": [
      "http://example.org/StructureDefinition/Pulse-Rate"
    ]
  },
  "text": {
    "status": "extensions",
    "div": "<div xmlns=\"http://www.w3.org/1999/xhtml\"><p><b>Generated Narrative: Observation</b><a name=\"Pulse2Example\"> </a></p><div style=\"display: inline-block; background-color: #d9e0e7; padding: 6px; margin: 4px; border: 1px solid #8da1b4; border-radius: 5px; line-height: 60%\"><p style=\"margin-bottom: 0px\">Resource Observation &quot;Pulse2Example&quot; </p><p style=\"margin-bottom: 0px\">Profile: <a href=\"StructureDefinition-Pulse-Rate.html\">Observation Pulse Rate</a></p></div><p><b>Performer</b>: Primary care physician (occupation) <span style=\"background: LightGoldenRodYellow; margin: 4px; border: 1px solid khaki\"> (<a href=\"https://browser.ihtsdotools.org/\">SNOMED CT</a>#446050000)</span></p><p><b>status</b>: final</p><p><b>category</b>: Vital Signs <span style=\"background: LightGoldenRodYellow; margin: 4px; border: 1px solid khaki\"> (<a href=\"http://terminology.hl7.org/4.0.0/CodeSystem-observation-category.html\">Observation Category Codes</a>#vital-signs)</span></p><p><b>code</b>: Heart rate <span style=\"background: LightGoldenRodYellow; margin: 4px; border: 1px solid khaki\"> (<a href=\"https://loinc.org/\">LOINC</a>#8867-4; <a href=\"https://browser.ihtsdotools.org/\">SNOMED CT</a>#78564009 &quot;Heart rate measured at systemic artery (observable entity)&quot;; <a href=\"https://browser.ihtsdotools.org/\">SNOMED CT</a>#78564009:704321009=449263002,370134009=123029007,370132008=258983007 &quot;Pulse rate to degree of beats/min with time aspect of Single point in time characterizes Auscultation of heart&quot;)</span></p><p><b>subject</b>: <a href=\"Patient-PatientExample.html\">Patient/PatientExample</a> &quot; NORMANN&quot;</p><p><b>effective</b>: 2022-11-20 12:12:29-0900</p><p><b>value</b>: 118 beats/minute</p><p><b>bodySite</b>: Systemic arterial structure (body structure) <span style=\"background: LightGoldenRodYellow; margin: 4px; border: 1px solid khaki\"> (<a href=\"https://browser.ihtsdotools.org/\">SNOMED CT</a>#281159003)</span></p><p><b>method</b>: Auscultation of heart (procedure) <span style=\"background: LightGoldenRodYellow; margin: 4px; border: 1px solid khaki\"> (<a href=\"https://browser.ihtsdotools.org/\">SNOMED CT</a>#449263002)</span></p></div>"
  },
  "extension": [
    {
      "url": "http://example.org/StructureDefinition/ExtPerformer",
      "valueCodeableConcept": {
        "coding": [
          {
            "system": "http://snomed.info/sct",
            "code": "446050000",
            "display": "Primary care physician (occupation)"
          }
        ]
      }
    }
  ],
  "status": "final",
  "category": [
    {
      "coding": [
        {
          "system": "http://terminology.hl7.org/CodeSystem/observation-category",
          "code": "vital-signs",
          "display": "Vital Signs"
        }
      ]
    }
  ],
  "code": {
    "coding": [
      {
        "system": "http://loinc.org",
        "code": "8867-4",
        "display": "Heart rate"
      },
      {
        "system": "http://snomed.info/sct",
        "code": "78564009",
        "display": "Heart rate measured at systemic artery (observable entity)"
      },
      {
        "system": "http://snomed.info/sct",
        "code": "78564009:704321009=449263002,370134009=123029007,370132008=258983007",
        "display": "Pulse rate to degree of beats/min with time aspect of Single point in time characterizes Auscultation of heart"
      }
    ]
  },
  "subject": {
    "reference": "Patient/PatientExample"
  },
  "effectiveDateTime": "2022-11-20T12:12:29-09:00",
  "valueQuantity": {
    "value": 118,
    "unit": "beats/minute"
  },
  "bodySite": {
    "coding": [
      {
        "system": "http://snomed.info/sct",
        "code": "281159003",
        "display": "Systemic arterial structure (body structure)"
      }
    ]
  },
  "method": {
    "coding": [
      {
        "system": "http://snomed.info/sct",
        "code": "449263002",
        "display": "Auscultation of heart (procedure)"
      }
    ]
  }
}