{
  "package": "fhir.pulse",
  "version": "0.1.0",
  "fhirVersion": "4.0.1",
  "extensions": [
    {
      "url": "http://example.org/StructureDefinition/ExtDeviceCode",
      "title": "Measurment Device",
      "types": [
        "CodeableConcept",
        "CodeableConcept"
      ]
    },
    {
      "url": "http://example.org/StructureDefinition/ExtPerformer",
      "title": "Performer",
      "types": [
        "CodeableConcept",
        "CodeableConcept"
      ]
    },
    {
      "url": "http://example.org/StructureDefinition/MeasurementSettingExt",
      "title": "Measurement Setting",
      "types": [
        "CodeableConcept",
        "CodeableConcept"
      ]
    }
  ],
  "profiles": {
    "Patient": [
      {
        "url": "http://example.org/StructureDefinition/Apatient-profile",
        "title": "Patient Profile"
      }
    ],
    "Observation": [
      {
        "url": "http://example.org/StructureDefinition/Pulse-Rate",
        "title": "Observation Pulse Rate"
      }
    ]
  },
  "usage": {
    "http://example.org/StructureDefinition/ExtDeviceCode": [
      "Observation"
    ],
    "http://example.org/StructureDefinition/ExtPerformer": [
      "Observation"
    ],
    "http://example.org/StructureDefinition/MeasurementSettingExt": [
      "Observation"
    ],
    "http://hl7.org/fhir/StructureDefinition/elementdefinition-bestpractice": [
      "StructureDefinition.snapshot.element.constraint"
    ],
    "http://hl7.org/fhir/StructureDefinition/elementdefinition-bestpractice-explanation": [
      "StructureDefinition.snapshot.element.constraint"
    ],
    "http://hl7.org/fhir/StructureDefinition/elementdefinition-bindingName": [
      "StructureDefinition.snapshot.element.binding"
    ],
    "http://hl7.org/fhir/StructureDefinition/elementdefinition-isCommonBinding": [
      "StructureDefinition.snapshot.element.binding"
    ],
    "http://hl7.org/fhir/StructureDefinition/elementdefinition-maxValueSet": [
      "StructureDefinition.snapshot.element.binding"
    ],
    "http://hl7.org/fhir/StructureDefinition/elementdefinition-translatable": [
      "StructureDefinition.snapshot.element"
    ],
    "http://hl7.org/fhir/StructureDefinition/structuredefinition-category": [
      "StructureDefinition"
    ],
    "http://hl7.org/fhir/StructureDefinition/structuredefinition-display-hint": [
      "StructureDefinition.snapshot.element"
    ],
    "http://hl7.org/fhir/StructureDefinition/structuredefinition-explicit-type-name": [
      "StructureDefinition.snapshot.element"
    ],
    "http://hl7.org/fhir/StructureDefinition/structuredefinition-fhir-type": [
      "StructureDefinition.snapshot.element.type"
    ],
    "http://hl7.org/fhir/StructureDefinition/structuredefinition-hierarchy": [
      "StructureDefinition.snapshot.element.type"
    ],
    "http://hl7.org/fhir/StructureDefinition/structuredefinition-security-category": [
      "StructureDefinition"
    ],
    "http://hl7.org/fhir/StructureDefinition/structuredefinition-standards-status": [
      "StructureDefinition.snapshot.element"
    ],
    "http://hl7.org/fhir/tools/StructureDefinition/ig-page-name": [
      "ImplementationGuide.definition.page",
      "ImplementationGuide.definition.page.page"
    ],
    "http://hl7.org/fhir/tools/StructureDefinition/ig-parameter": [
      "ImplementationGuide.definition"
    ],
    "http://hl7.org/fhir/tools/StructureDefinition/implementationguide-dependency-comment": [
      "ImplementationGuide.dependsOn"
    ],
    "http://hl7.org/fhir/tools/StructureDefinition/resource-information": [
      "ImplementationGuide.definition.resource"
    ]
  }
}