{
  "resourceType": "ValueSet",
  "id": "Loinc-Pulse-vs",
  "text": {
    "status": "generated",
    "div": "<div xmlns=\"http://www.w3.org/1999/xhtml\"><p>This value set includes codes based on the following rules:</p><ul><li>Include codes from <a href=\"http://loinc.org\"><code>http://loinc.org</code></a> where ancestor  =  8867-4</li><li>Include these codes as defined in <a href=\"http://loinc.org\"><code>http://loinc.org</code></a><table class=\"none\"><tr><td style=\"white-space:nowrap\"><b>Code</b></td><td><b>Display</b></td></tr><tr><td><a href=\"https://loinc.org/8867-4/\">8867-4</a></td><td>Heart rate</td></tr></table></li></ul></div>"
  },
  "url": "http://example.org/ValueSet/Loinc-Pulse-vs",
  "version": "0.1.0",
  "name": "LOINCpulserateVS",
  "title": "Loinc",
  "status": "active",
  "date": "2022-12-01T10:36:50+01:00",
  "publisher": "ehelse",
  "contact": [
    {
      "name": "ehelse",
      "telecom": [
        {
          "system": "url",
          "value": "ehelse.no"
        }
      ]
    }
  ],
  "description": "Loinc codes representing pulse rate.",
  "copyright": "This material contains content from LOINC (http://loinc.org). LOINC is copyright © 1995-2020, Regenstrief Institute, Inc. and the Logical Observation Identifiers Names and Codes (LOINC) Committee and is available at no cost under the license at http://loinc.org/license. LOINC® is a registered United States trademark of Regenstrief Institute, Inc",
  "compose": {
    "include": [
      {
        "system": "http://loinc.org",
        "filter": [
          {
            "property": "ancestor",
            "op": "=",
            "value": "8867-4"
          }
        ]
      },
      {
        "system": "http://loinc.org",
        "concept": [
          {
            "code": "8867-4",
            "display": "Heart rate"
          }
        ]
      }
    ]
  }
}