<?xml version="1.0" encoding="UTF-8"?>

<ValueSet xmlns="http://hl7.org/fhir">
  <id value="heartRateMeasMethodVS"/>
  <text>
    <status value="generated"/><div xmlns="http://www.w3.org/1999/xhtml"><ul><li>Include these codes as defined in <code>http://snomed.info/sct/</code><table class="none"><tr><td style="white-space:nowrap"><b>Code</b></td><td><b>Display</b></td></tr><tr><td>37931006</td><td>Auscultation (procedure)</td></tr><tr><td>268447006</td><td>Doppler studies (procedure)</td></tr><tr><td>29303009</td><td>Electrocardiographic procedure (procedure)</td></tr><tr><td>13385008</td><td>Mediate auscultation (procedure)</td></tr><tr><td>264598005</td><td>Oximetry (procedure)</td></tr><tr><td>113011001</td><td>Palpation (procedure)</td></tr><tr><td>277917001</td><td>Thoracic impedance cardiography (procedure)</td></tr><tr><td>239516002</td><td>Monitoring procedure (regime/therapy)</td></tr></table></li></ul></div>
  </text>
  <url value="http://example.org/ValueSet/heartRateMeasMethodVS"/>
  <version value="0.1.0"/>
  <name value="MethodVS"/>
  <title value="Method"/>
  <status value="active"/>
  <date value="2022-12-01T10:36:50+01:00"/>
  <publisher value="ehelse"/>
  <contact>
    <name value="ehelse"/>
    <telecom>
      <system value="url"/>
      <value value="ehelse.no"/>
    </telecom>
  </contact>
  <description value="SELECT SNOMED CT code system values that describe how the heart rate was measured."/>
  <copyright value="This value set includes content from SNOMED CT, which is copyright © 2002+ International Health Terminology Standards Development Organisation (IHTSDO), and distributed by agreement between IHTSDO and HL7. Implementer use of SNOMED CT is not covered by this agreement"/>
  <compose>
    <include>
      <system value="http://snomed.info/sct/"/>
      <concept>
        <code value="37931006"/>
        <display value="Auscultation (procedure)"/>
      </concept>
      <concept>
        <code value="268447006"/>
        <display value="Doppler studies (procedure)"/>
      </concept>
      <concept>
        <code value="29303009"/>
        <display value="Electrocardiographic procedure (procedure)"/>
      </concept>
      <concept>
        <code value="13385008"/>
        <display value="Mediate auscultation (procedure)"/>
      </concept>
      <concept>
        <code value="264598005"/>
        <display value="Oximetry (procedure)"/>
      </concept>
      <concept>
        <code value="113011001"/>
        <display value="Palpation (procedure)"/>
      </concept>
      <concept>
        <code value="277917001"/>
        <display value="Thoracic impedance cardiography (procedure)"/>
      </concept>
      <concept>
        <code value="239516002"/>
        <display value="Monitoring procedure (regime/therapy)"/>
      </concept>
    </include>
  </compose>
</ValueSet>