{"resourceType":"ValueSet","id":"heartRateMeasMethodVS","text":{"status":"generated","div":"<div xmlns=\"http://www.w3.org/1999/xhtml\"><ul><li>Include these codes as defined in <code>http://snomed.info/sct/</code><table class=\"none\"><tr><td style=\"white-space:nowrap\"><b>Code</b></td><td><b>Display</b></td></tr><tr><td>37931006</td><td>Auscultation (procedure)</td></tr><tr><td>268447006</td><td>Doppler studies (procedure)</td></tr><tr><td>29303009</td><td>Electrocardiographic procedure (procedure)</td></tr><tr><td>13385008</td><td>Mediate auscultation (procedure)</td></tr><tr><td>264598005</td><td>Oximetry (procedure)</td></tr><tr><td>113011001</td><td>Palpation (procedure)</td></tr><tr><td>277917001</td><td>Thoracic impedance cardiography (procedure)</td></tr><tr><td>239516002</td><td>Monitoring procedure (regime/therapy)</td></tr></table></li></ul></div>"},"url":"http://example.org/ValueSet/heartRateMeasMethodVS","version":"0.1.0","name":"MethodVS","title":"Method","status":"active","date":"2022-12-01T10:36:50+01:00","publisher":"ehelse","contact":[{"name":"ehelse","telecom":[{"system":"url","value":"ehelse.no"}]}],"description":"SELECT SNOMED CT code system values that describe how the heart rate was measured.","copyright":"This value set includes content from SNOMED CT, which is copyright © 2002+ International Health Terminology Standards Development Organisation (IHTSDO), and distributed by agreement between IHTSDO and HL7. Implementer use of SNOMED CT is not covered by this agreement","compose":{"include":[{"system":"http://snomed.info/sct/","concept":[{"code":"37931006","display":"Auscultation (procedure)"},{"code":"268447006","display":"Doppler studies (procedure)"},{"code":"29303009","display":"Electrocardiographic procedure (procedure)"},{"code":"13385008","display":"Mediate auscultation (procedure)"},{"code":"264598005","display":"Oximetry (procedure)"},{"code":"113011001","display":"Palpation (procedure)"},{"code":"277917001","display":"Thoracic impedance cardiography (procedure)"},{"code":"239516002","display":"Monitoring procedure (regime/therapy)"}]}]}}